,Name of the movie ,Year released,IMDB rating,Number of reviewers,Censor board rating ,Length of the movie ,Genre 1,Genre 2,Genre 3,Genre 4,Release date,story summary,Director Name,Writer 1,Writer 2,Star 1,Star 2,Star 3
0,The Shawshank Redemption,-1994,9.2,"2,116,346",A,2h 22min,Drama,NA,NA,NA,"14 October 1994 (India)
","Two imprisoned men bond over a number of years, finding solace and eventual redemption through acts of common decency.",Frank Darabont,Stephen King,Frank Darabont,Tim Robbins,Morgan Freeman,Bob Gunton
1,The Godfather,-1972,9.2,"1,452,998",A,2h 55min,Crime,Drama,NA,NA,"24 March 1972 (USA)
",The aging patriarch of an organized crime dynasty transfers control of his clandestine empire to his reluctant son.,Francis Ford Coppola,Mario Puzo,Francis Ford Coppola,Marlon Brando,Al Pacino,James Caan
2,The Godfather: Part II,-1974,9,"1,010,409",NA,3h 22min,Crime,Drama,NA,NA,"20 December 1974 (USA)
","The early life and career of Vito Corleone in 1920s New York City is portrayed, while his son, Michael, expands and tightens his grip on the family crime syndicate.",Francis Ford Coppola,Francis Ford Coppola,Mario Puzo,Al Pacino,Robert De Niro,Robert Duvall
3,The Dark Knight,-2008,9,"2,082,049",UA,2h 32min,Action,Crime,Drama,NA,"18 July 2008 (India)
","When the menace known as The Joker emerges from his mysterious past, he wreaks havoc and chaos on the people of Gotham. The Dark Knight must accept one of the greatest psychological and physical tests of his ability to fight injustice.",Christopher Nolan,Jonathan Nolan,Christopher Nolan,Christian Bale,Heath Ledger,Aaron Eckhart
4,12 Angry Men,-1957,8.9,"602,065",NA,1h 36min,Drama,NA,NA,NA,"10 April 1957 (USA)
",A jury holdout attempts to prevent a miscarriage of justice by forcing his colleagues to reconsider the evidence.,Sidney Lumet,Reginald Rose,Reginald Rose,Henry Fonda,Lee J. Cobb,Martin Balsam
5,Schindler's List,-1993,8.9,"1,097,928",A,3h 15min,Biography,Drama,History,NA,"4 February 1994 (USA)
","In German-occupied Poland during World War II, industrialist Oskar Schindler gradually becomes concerned for his Jewish workforce after witnessing their persecution by the Nazis.",Oskar Schindler,Steven Spielberg,Thomas Keneally,Liam Neeson,Ralph Fiennes,Ben Kingsley
6,The Lord of the Rings: The Return of the King,-2003,8.9,"1,506,402",PG-13,3h 21min,Adventure,Drama,Fantasy,NA,"6 February 2004 (India)
",Gandalf and Aragorn lead the World of Men against Sauron's army to draw his gaze from Frodo and Sam as they approach Mount Doom with the One Ring.,Peter Jackson,J.R.R. Tolkien,Fran Walsh,Elijah Wood,Viggo Mortensen,Ian McKellen
7,Pulp Fiction,-1994,8.9,"1,655,507",A,2h 34min,Crime,Drama,NA,NA,"14 October 1994 (USA)
","The lives of two mob hitmen, a boxer, a gangster & his wife, and a pair of diner bandits intertwine in four tales of violence and redemption.",Quentin Tarantino,Quentin Tarantino,Roger Avary,John Travolta,Uma Thurman,Samuel L. Jackson
8,"Il buono, il brutto, il cattivo",-1966,8.8,"628,628",NA,2h 41min,Western,NA,NA,NA,"23 December 1966 (Italy)
",A bounty hunting scam joins two men in an uneasy alliance against a third in a race to find a fortune in gold buried in a remote cemetery.,Sergio Leone,Luciano Vincenzoni,Sergio Leone,Clint Eastwood,Eli Wallach,Lee Van Cleef
9,Fight Club,-1999,8.8,"1,691,724",A,2h 19min,Drama,NA,NA,NA,"15 October 1999 (USA)
","An insomniac office worker and a devil-may-care soapmaker form an underground fight club that evolves into something much, much more.",David Fincher,Chuck Palahniuk,Jim Uhls,Brad Pitt,Edward Norton,Meat Loaf
10,The Lord of the Rings: The Fellowship of the Ring,-2001,8.8,"1,522,037",PG-13,2h 58min,Adventure,Drama,Fantasy,NA,"15 March 2002 (India)
",A meek Hobbit from the Shire and eight companions set out on a journey to destroy the powerful One Ring and save Middle-earth from the Dark Lord Sauron.,Peter Jackson,J.R.R. Tolkien,Fran Walsh,Elijah Wood,Ian McKellen,Orlando Bloom
11,Forrest Gump,-1994,8.7,"1,626,571",PG-13,2h 22min,Drama,Romance,NA,NA,"6 July 1994 (USA)
","The presidencies of Kennedy and Johnson, the events of Vietnam, Watergate, and other history unfold through the perspective of an Alabama man with an IQ of 75.",Robert Zemeckis,Winston Groom,Eric Roth,Tom Hanks,Robin Wright,Gary Sinise
12,Inception,-2010,8.7,"1,855,388",UA,2h 28min,Action,Adventure,Sci-Fi,NA,"16 July 2010 (India)
",A thief who steals corporate secrets through the use of dream-sharing technology is given the inverse task of planting an idea into the mind of a C.E.O.,Christopher Nolan,Christopher Nolan,Leonardo DiCaprio,Joseph Gordon-Levitt,Ellen Page,NA
13,Star Wars: Episode V - The Empire Strikes Back,-1980,8.7,"1,060,243",PG,2h 4min,Action,Adventure,Fantasy,NA,"20 June 1980 (USA)
","After the Rebels are brutally overpowered by the Empire on the ice planet Hoth, Luke Skywalker begins Jedi training with Yoda, while his friends are pursued by Darth Vader.",Irvin Kershner,Leigh Brackett,Lawrence Kasdan,Mark Hamill,Harrison Ford,Carrie Fisher
14,The Lord of the Rings: The Two Towers,-2002,8.7,"1,362,212",PG,2h 59min,Adventure,Drama,Fantasy,NA,"28 March 2003 (India)
","While Frodo and Sam edge closer to Mordor with the help of the shifty Gollum, the divided fellowship makes a stand against Sauron's new ally, Saruman, and his hordes of Isengard.",Peter Jackson,J.R.R. Tolkien,Fran Walsh,Elijah Wood,Ian McKellen,Viggo Mortensen
15,One Flew Over the Cuckoo's Nest,-1975,8.7,"838,013",NA,2h 13min,Drama,NA,NA,NA,"19 November 1975 (USA)
",A criminal pleads insanity after getting into trouble again and once in the mental institution rebels against the oppressive nurse and rallies up the scared patients.,Milos Forman,Lawrence Hauben,Bo Goldman,Jack Nicholson,Louise Fletcher,Will Sampson
16,Goodfellas,-1990,8.7,"913,925",A,2h 26min,Biography,Crime,Drama,NA,"21 September 1990 (USA)
","The story of Henry Hill and his life in the mob, covering his relationship with his wife Karen Hill and his mob partners Jimmy Conway and Tommy DeVito in the Italian-American crime syndicate.",Martin Scorsese,Nicholas Pileggi,Nicholas Pileggi,Robert De Niro,Ray Liotta,Joe Pesci
17,The Matrix,-1999,8.6,"1,522,075",A,2h 16min,Action,Sci-Fi,NA,NA,"31 March 1999 (USA)
",A computer hacker learns from mysterious rebels about the true nature of his reality and his role in the war against its controllers.,Lilly Wachowski,Lilly Wachowski,Lana Wachowski,Keanu Reeves,Laurence Fishburne,Carrie-Anne Moss
18,Shichinin no samurai,-1954,8.6,"286,707",NA,3h 27min,Adventure,Drama,NA,NA,"26 April 1954 (Japan)
",A poor village under attack by bandits recruits seven unemployed samurai to help them defend themselves.,Akira Kurosawa,Akira Kurosawa,Shinobu Hashimoto,Toshirô Mifune,Takashi Shimura,Keiko Tsushima
19,Avengers: Endgame,-2019,8.6,"483,938",UA,3h 1min,Action,Adventure,Sci-Fi,NA,"26 April 2019 (India)
","After the devastating events of Avengers: Infinity War (2018), the universe is in ruins. With the help of remaining allies, the Avengers assemble once more in order to reverse Thanos' actions and restore balance to the universe.",Avengers: Infinity War,Anthony Russo,Joe Russo,Stephen McFeely,4 more credits,Robert Downey Jr.
20,Se7en,-1995,8.6,"1,299,149",R,2h 7min,Crime,Drama,Mystery,NA,"22 September 1995 (USA)
","Two detectives, a rookie and a veteran, hunt a serial killer who uses the seven deadly sins as his motives.",David Fincher,Andrew Kevin Walker,Morgan Freeman,Brad Pitt,Kevin Spacey,NA
21,Cidade de Deus,-2002,8.6,"649,498",R,2h 10min,Crime,Drama,NA,NA,"30 August 2002 (Brazil)
","In the slums of Rio, two kids' paths diverge as one struggles to become a photographer and the other a kingpin.",Fernando Meirelles,Kátia Lund,Paulo Lins,Alexandre Rodrigues,Leandro Firmino,Matheus Nachtergaele
22,Star Wars,-1977,8.6,"1,129,242",U,2h 1min,Action,Adventure,Fantasy,NA,"1 July 1978 (India)
","Luke Skywalker joins forces with a Jedi Knight, a cocky pilot, a Wookiee and two droids to save the galaxy from the Empire's world-destroying battle station, while also attempting to rescue Princess Leia from the mysterious Darth Vader.",George Lucas,George Lucas,Mark Hamill,Harrison Ford,Carrie Fisher,NA
23,The Silence of the Lambs,-1991,8.6,"1,144,637",A,1h 58min,Crime,Drama,Thriller,NA,"14 February 1991 (USA)
","A young F.B.I. cadet must receive the help of an incarcerated and manipulative cannibal killer to help catch another serial killer, a madman who skins his victims.",Jonathan Demme,Thomas Harris,Ted Tally,Jodie Foster,Anthony Hopkins,Lawrence A. Bonney
24,It's a Wonderful Life,-1946,8.6,"360,425",PG,2h 10min,Drama,Family,Fantasy,NA,"7 January 1947 (USA)
",An angel is sent from Heaven to help a desperately frustrated businessman by showing him what life would have been like if he had never existed.,Frank Capra,Frances Goodrich,Albert Hackett,James Stewart,Donna Reed,Lionel Barrymore
25,La vita è bella,-1997,8.6,"558,455",PG-13,1h 56min,Comedy,Drama,Romance,NA,"20 December 1997 (Italy)
","When an open-minded Jewish librarian and his son become victims of the Holocaust, he uses a perfect mixture of will, humor, and imagination to protect his son from the dangers around their camp.",Roberto Benigni,Vincenzo Cerami,Roberto Benigni,Roberto Benigni,Nicoletta Braschi,Giorgio Cantarini
26,Sen to Chihiro no kamikakushi,-2001,8.5,"564,045",PG,2h 5min,Animation,Adventure,Family,NA,"20 July 2001 (Japan)
","During her family's move to the suburbs, a sullen 10-year-old girl wanders into a world ruled by gods, witches, and spirits, and where humans are changed into beasts.",Hayao Miyazaki,Kirk Wise,Hayao Miyazaki,Daveigh Chase,Suzanne Pleshette,Miyu Irino
27,Saving Private Ryan,-1998,8.5,"1,121,015",A,2h 49min,Drama,War,NA,NA,"24 July 1998 (USA)
","Following the Normandy Landings, a group of U.S. soldiers go behind enemy lines to retrieve a paratrooper whose brothers have been killed in action.",Steven Spielberg,Robert Rodat,Tom Hanks,Matt Damon,Tom Sizemore,NA
28,The Usual Suspects,-1995,8.5,"913,886",A,1h 46min,Crime,Mystery,Thriller,NA,"15 September 1995 (USA)
","A sole survivor tells of the twisty events leading up to a horrific gun battle on a boat, which began when five criminals met at a seemingly random police lineup.",Bryan Singer,Christopher McQuarrie,Kevin Spacey,Gabriel Byrne,Chazz Palminteri,NA
29,Léon,-1994,8.5,"934,606",A,1h 50min,Action,Crime,Drama,NA,"14 September 1994 (France)
","Mathilda, a 12-year-old girl, is reluctantly taken in by Léon, a professional assassin, after her family is murdered. Léon and Mathilda form an unusual relationship, as she becomes his protégée and learns the assassin's trade.",Luc Besson,Luc Besson,Jean Reno,Gary Oldman,Natalie Portman,NA
30,The Green Mile,-1999,8.5,"1,025,742",A,3h 9min,Crime,Drama,Fantasy,NA,"10 December 1999 (USA)
","The lives of guards on Death Row are affected by one of their charges: a black man accused of child murder and rape, yet who has a mysterious gift.",Frank Darabont,Stephen King,Frank Darabont,Tom Hanks,Michael Clarke Duncan,David Morse
31,Interstellar,-2014,8.5,"1,312,870",UA,2h 49min,Adventure,Drama,Sci-Fi,NA,"7 November 2014 (India)
",A team of explorers travel through a wormhole in space in an attempt to ensure humanity's survival.,Christopher Nolan,Jonathan Nolan,Christopher Nolan,Matthew McConaughey,Anne Hathaway,Jessica Chastain
32,Psycho,-1960,8.5,"543,304",R,1h 49min,Horror,Mystery,Thriller,NA,"8 September 1960 (USA)
","A Phoenix secretary embezzles forty thousand dollars from her employer's client, goes on the run, and checks into a remote motel run by a young man under the domination of his mother.",Alfred Hitchcock,Joseph Stefano,Robert Bloch,Anthony Perkins,Janet Leigh,Vera Miles
33,American History X,-1998,8.5,"957,740",A,1h 59min,Drama,NA,NA,NA,"20 November 1998 (USA)
",A former neo-nazi skinhead tries to prevent his younger brother from going down the same wrong path that he did.,Tony Kaye,David McKenna,Edward Norton,Edward Furlong,Beverly D'Angelo,NA
34,City Lights,-1931,8.5,"149,353",G,1h 27min,Comedy,Drama,Romance,NA,"7 March 1931 (USA)
","With the aid of a wealthy erratic tippler, a dewy-eyed tramp who has fallen in love with a sightless flower girl accumulates money to be able to help her medically.",Charles Chaplin,Charles Chaplin,Charles Chaplin,Virginia Cherrill,Florence Lee,NA
35,Casablanca,-1942,8.5,"480,282",PG,1h 42min,Drama,Romance,War,NA,"23 January 1943 (USA)
",A cynical American expatriate struggles to decide whether or not he should help his former lover and her fugitive husband escape French Morocco.,Michael Curtiz,Julius J. Epstein,Philip G. Epstein,Humphrey Bogart,Ingrid Bergman,Paul Henreid
36,Once Upon a Time in the West,-1968,8.5,"274,207",PG-13,2h 45min,Western,NA,NA,NA,"21 December 1968 (Italy)
",A mysterious stranger with a harmonica joins forces with a notorious desperado to protect a beautiful widow from a ruthless assassin working for the railroad.,Sergio Leone,Sergio Donati,Sergio Leone,Henry Fonda,Charles Bronson,Claudia Cardinale
37,The Pianist,-2002,8.5,"649,805",R,2h 30min,Biography,Drama,Music,NA,"25 September 2002 (France)
",A Polish Jewish musician struggles to survive the destruction of the Warsaw ghetto of World War II.,Roman Polanski,Ronald Harwood,Wladyslaw Szpilman,Adrien Brody,Thomas Kretschmann,Frank Finlay
38,Modern Times,-1936,8.5,"193,158",NA,1h 27min,Comedy,Drama,Family,NA,"25 February 1936 (USA)
",The Tramp struggles to live in modern industrial society with the help of a young homeless woman.,Charles Chaplin,Charles Chaplin,Charles Chaplin,Paulette Goddard,Henry Bergman,NA
39,The Intouchables,-2011,8.5,"683,220",UA,1h 52min,Biography,Comedy,Drama,NA,"13 July 2012 (India)
","After he becomes a quadriplegic from a paragliding accident, an aristocrat hires a young man from the projects to be his caregiver.",Olivier Nakache,Éric Toledano,Olivier Nakache,1 more credit,François Cluzet,Omar Sy
40,The Departed,-2006,8.5,"1,084,022",A,2h 31min,Crime,Drama,Thriller,NA,"6 October 2006 (USA)
",An undercover cop and a mole in the police attempt to identify each other while infiltrating an Irish gang in South Boston.,Martin Scorsese,William Monahan,Alan Mak,Leonardo DiCaprio,Matt Damon,Jack Nicholson
41,Back to the Future,-1985,8.5,"945,177",U,1h 56min,Adventure,Comedy,Sci-Fi,NA,"3 July 1985 (USA)
","Marty McFly, a 17-year-old high school student, is accidentally sent thirty years into the past in a time-traveling DeLorean invented by his close friend, the maverick scientist Doc Brown.",Robert Zemeckis,Robert Zemeckis,Bob Gale,Michael J. Fox,Christopher Lloyd,Lea Thompson
42,Terminator 2: Judgment Day,-1991,8.5,"915,399",U,2h 17min,Action,Sci-Fi,NA,NA,"24 August 1991 (India)
","A cyborg, identical to the one who failed to kill Sarah Connor, must now protect her teenage son, John Connor, from a more advanced and powerful cyborg.",James Cameron,James Cameron,William Wisher,Arnold Schwarzenegger,Linda Hamilton,Edward Furlong
43,The Lion King,-1994,8.5,"847,981",U,1h 28min,Animation,Adventure,Drama,NA,"29 October 1994 (India)
","A Lion cub crown prince is tricked by a treacherous uncle into thinking he caused his father's death and flees into exile in despair, only to learn in adulthood his identity and his responsibilities.",Roger Allers,Rob Minkoff,Irene Mecchi,27 more credits,Matthew Broderick,Jeremy Irons
44,Whiplash,-2014,8.5,"623,867",A,1h 46min,Drama,Music,NA,NA,"20 February 2015 (India)
",A promising young drummer enrolls at a cut-throat music conservatory where his dreams of greatness are mentored by an instructor who will stop at nothing to realize a student's potential.,Damien Chazelle,Damien Chazelle,Miles Teller,J.K. Simmons,Melissa Benoist,NA
45,Rear Window,-1954,8.5,"402,775",PG,1h 52min,Mystery,Thriller,NA,NA,"September 1954 (USA)
",A wheelchair-bound photographer spies on his neighbors from his apartment window and becomes convinced one of them has committed murder.,Alfred Hitchcock,John Michael Hayes,Cornell Woolrich,James Stewart,Grace Kelly,Wendell Corey
46,Gladiator,-2000,8.5,"1,221,914",R,2h 35min,Action,Adventure,Drama,NA,"1 September 2000 (India)
",A former Roman General sets out to exact vengeance against the corrupt emperor who murdered his family and sent him into slavery.,Ridley Scott,David Franzoni,David Franzoni,Russell Crowe,Joaquin Phoenix,Connie Nielsen
47,Raiders of the Lost Ark,-1981,8.5,"818,812",PG,1h 55min,Action,Adventure,NA,NA,"10 December 1981 (India)
","In 1936, archaeologist and adventurer Indiana Jones is hired by the U.S. government to find the Ark of the Covenant before Adolf Hitler's Nazis can obtain its awesome powers.",Adolf Hitler,Steven Spielberg,Lawrence Kasdan,1 more credit,Harrison Ford,Karen Allen
48,The Prestige,-2006,8.5,"1,074,563",PG-13,2h 10min,Drama,Mystery,Sci-Fi,NA,"20 October 2006 (USA)
","After a tragic accident, two stage magicians engage in a battle to create the ultimate illusion while sacrificing everything they have to outwit each other.",Christopher Nolan,Jonathan Nolan,Christopher Nolan,Christian Bale,Hugh Jackman,Scarlett Johansson
49,Apocalypse Now,-1979,8.4,"553,191",R,2h 27min,Drama,War,NA,NA,"15 August 1979 (USA)
",A U.S. Army officer serving in Vietnam is tasked with assassinating a renegade Special Forces Colonel who sees himself as a god.,Francis Ford Coppola,John Milius,Francis Ford Coppola,Martin Sheen,Marlon Brando,Robert Duvall
50,Memento,-2000,8.4,"1,037,355",R,1h 53min,Mystery,Thriller,NA,NA,"25 May 2001 (USA)
",A man with short-term memory loss attempts to track down his wife's murderer.,Christopher Nolan,Christopher Nolan,Jonathan Nolan,Guy Pearce,Carrie-Anne Moss,Joe Pantoliano
51,Alien,-1979,8.4,"720,082",A,1h 57min,Horror,Sci-Fi,NA,NA,"6 December 1979 (India)
","After a space merchant vessel perceives an unknown transmission as a distress call, its landing on the source moon finds one of the crew attacked by a mysterious lifeform, and they soon realize that its life cycle has merely begun.",Ridley Scott,Dan O'Bannon,Ronald Shusett,Sigourney Weaver,Tom Skerritt,John Hurt
52,Hotaru no haka,-1988,8.4,"199,704",NA,1h 29min,Animation,Drama,War,NA,"16 April 1988 (Japan)
",A young boy and his little sister struggle to survive in Japan during World War II.,Isao Takahata,Akiyuki Nosaka,Isao Takahata,Tsutomu Tatsumi,Ayano Shiraishi,Akemi Yamaguchi
53,Nuovo Cinema Paradiso,-1988,8.4,"203,947",R,2h 35min,Drama,NA,NA,NA,"17 November 1988 (Italy)
",A filmmaker recalls his childhood when falling in love with the pictures at the cinema of his home village and forms a deep friendship with the cinema's projectionist.,Giuseppe Tornatore,Giuseppe Tornatore,Giuseppe Tornatore,Philippe Noiret,Enzo Cannavale,Antonella Attili
54,The Great Dictator,-1940,8.4,"182,951",NA,2h 5min,Comedy,Drama,War,NA,"7 March 1941 (USA)
",Dictator Adenoid Hynkel tries to expand his empire while a poor Jewish barber tries to avoid persecution from Hynkel's regime.,Charles Chaplin,Charles Chaplin,Charles Chaplin,Paulette Goddard,Jack Oakie,NA
55,Sunset Blvd.,-1950,8.4,"181,355",NA,1h 50min,Drama,Film-Noir,NA,NA,"29 September 1950 (Australia)
",A screenwriter develops a dangerous relationship with a faded film star determined to make a triumphant return.,Billy Wilder,Charles Brackett,Billy Wilder,William Holden,Gloria Swanson,Erich von Stroheim
56,Spider-Man: Into the Spider-Verse,-2018,8.4,"235,021",U,1h 57min,Animation,Action,Adventure,NA,"14 December 2018 (USA)
","Teen Miles Morales becomes Spider-Man of his reality, crossing his path with five counterparts from other dimensions to stop a threat for all realities.",Bob Persichetti,Peter Ramsey,1 more credit,Rodney Rothman,1 more credit,Shameik Moore
57,The Lives of Others,-2006,8.4,"325,784",A,2h 17min,Drama,Thriller,NA,NA,"23 March 2006 (Germany)
","In 1984 East Berlin, an agent of the secret police, conducting surveillance on a writer and his lover, finds himself becoming increasingly absorbed by their lives.",Florian Henckel von Donnersmarck,Florian Henckel von Donnersmarck,Ulrich Mühe,Martina Gedeck,Sebastian Koch,NA
58,Dr. Strangelove or: How I Learned to Stop Worrying and Love the Bomb,-1964,8.4,"417,821",PG,1h 35min,Comedy,NA,NA,NA,"29 January 1964 (UK)
",An insane general triggers a path to nuclear holocaust that a War Room full of politicians and generals frantically tries to stop.,Stanley Kubrick,Stanley Kubrick,Terry Southern,Peter Sellers,George C. Scott,Sterling Hayden
59,Avengers: Infinity War,-2018,8.4,"688,038",UA,2h 29min,Action,Adventure,Sci-Fi,NA,"27 April 2018 (India)
",The Avengers and their allies must be willing to sacrifice all in an attempt to defeat the powerful Thanos before his blitz of devastation and ruin puts an end to the universe.,Anthony Russo,Joe Russo,Christopher Markus,14 more credits,Robert Downey Jr.,Chris Hemsworth
60,Paths of Glory,-1957,8.4,"158,679",NA,1h 28min,Drama,War,NA,NA,"November 1957 (West Germany)
","After refusing to attack an enemy position, a general accuses the soldiers of cowardice and their commanding officer must defend them.",Stanley Kubrick,Stanley Kubrick,Calder Willingham,Kirk Douglas,Ralph Meeker,Adolphe Menjou
61,Django Unchained,-2012,8.4,"1,220,869",A,2h 45min,Drama,Western,NA,NA,"22 March 2013 (India)
","With the help of a German bounty hunter, a freed slave sets out to rescue his wife from a brutal Mississippi plantation owner.",Quentin Tarantino,Quentin Tarantino,Jamie Foxx,Christoph Waltz,Leonardo DiCaprio,NA
62,The Shining,-1980,8.4,"789,342",A,2h 26min,Drama,Horror,NA,NA,"13 June 1980 (USA)
","A family heads to an isolated hotel for the winter where a sinister presence influences the father into violence, while his psychic son sees horrific forebodings from both past and future.",Stanley Kubrick,Stephen King,Stanley Kubrick,Jack Nicholson,Shelley Duvall,Danny Lloyd
63,WALL·E,-2008,8.4,"914,412",NA,1h 38min,Animation,Adventure,Family,NA,"29 August 2008 (India)
","In the distant future, a small waste-collecting robot inadvertently embarks on a space journey that will ultimately decide the fate of mankind.",Andrew Stanton,Andrew Stanton,Pete Docter,Ben Burtt,Elissa Knight,Jeff Garlin
64,Mononoke-hime,-1997,8.4,"297,743",PG-13,2h 14min,Animation,Adventure,Fantasy,NA,"12 July 1997 (Japan)
","On a journey to find the cure for a Tatarigami's curse, Ashitaka finds himself in the middle of a war between the forest gods and Tatara, a mining colony. In this quest he also meets San, the Mononoke Hime.",Hayao Miyazaki,Hayao Miyazaki,Neil Gaiman,Yôji Matsuda,Yuriko Ishida,Yûko Tanaka
65,Witness for the Prosecution,-1957,8.4,"93,936",NA,1h 56min,Crime,Drama,Mystery,NA,"6 February 1958 (USA)
",A veteran British barrister must defend his client in a murder trial that has surprise after surprise.,Billy Wilder,Agatha Christie,Billy Wilder,Tyrone Power,Marlene Dietrich,Charles Laughton
66,Oldeuboi,-2003,8.4,"462,916",UA,1h 41min,Action,Drama,Mystery,NA,"21 November 2003 (South Korea)
","After being kidnapped and imprisoned for fifteen years, Oh Dae-Su is released, only to find that he must find his captor in five days.",Chan-wook Park,Garon Tsuchiya,Nobuaki Minegishi,Min-sik Choi,Ji-tae Yu,Hye-jeong Kang
67,The Dark Knight Rises,-2012,8.3,"1,396,576",UA,2h 44min,Action,Thriller,NA,NA,"20 July 2012 (India)
","Eight years after the Joker's reign of anarchy, Batman, with the help of the enigmatic Catwoman, is forced from his exile to save Gotham City, now on the edge of total annihilation, from the brutal guerrilla terrorist Bane.",Christopher Nolan,Jonathan Nolan,Christopher Nolan,Christian Bale,Tom Hardy,Anne Hathaway
68,Aliens,-1986,8.3,"605,127",A,2h 17min,Action,Adventure,Sci-Fi,NA,"11 July 1987 (India)
","Ellen Ripley is rescued by a deep salvage team after being in hypersleep for 57 years. The moon that the Nostromo visited has been colonized, but contact is lost. This time, colonial marines have impressive firepower, but will that be enough?",James Cameron,James Cameron,David Giler,Sigourney Weaver,Michael Biehn,Carrie Henn
69,American Beauty,-1999,8.3,"995,843",A,2h 2min,Drama,NA,NA,NA,"1 October 1999 (USA)
",A sexually frustrated suburban father has a mid-life crisis after becoming infatuated with his daughter's best friend.,Sam Mendes,Alan Ball,Kevin Spacey,Annette Bening,Thora Birch,NA
70,Once Upon a Time in America,-1984,8.3,"280,313",R,3h 49min,Crime,Drama,NA,NA,"1 June 1984 (USA)
","A former Prohibition-era Jewish gangster returns to the Lower East Side of Manhattan over thirty years later, where he once again must confront the ghosts and regrets of his old life.",Sergio Leone,Harry Grey,Leonardo Benvenuti,Robert De Niro,James Woods,Elizabeth McGovern
71,Coco,-2017,8.3,"285,455",U,1h 45min,Animation,Adventure,Comedy,NA,"24 November 2017 (India)
","Aspiring musician Miguel, confronted with his family's ancestral ban on music, enters the Land of the Dead to find his great-great-grandfather, a legendary singer.",Lee Unkrich,Adrian Molina,Lee Unkrich,4 more credits,Anthony Gonzalez,Gael García Bernal
72,Das Boot,-1981,8.3,"212,059",R,2h 29min,Adventure,Drama,Thriller,NA,"17 September 1981 (West Germany)
","The claustrophobic world of a WWII German U-boat; boredom, filth and sheer terror.",Wolfgang Petersen,Wolfgang Petersen,Lothar G. Buchheim,Jürgen Prochnow,Herbert Grönemeyer,Klaus Wennemann
73,Citizen Kane,-1941,8.3,"366,357",PG,1h 59min,Drama,Mystery,NA,NA,"5 September 1941 (USA)
","Following the death of publishing tycoon, Charles Foster Kane, reporters scramble to uncover the meaning of his final utterance; 'Rosebud'.",Orson Welles,Herman J. Mankiewicz,Orson Welles,Orson Welles,Joseph Cotten,Dorothy Comingore
74,Braveheart,-1995,8.3,"896,695",R,2h 58min,Biography,Drama,History,NA,"24 May 1995 (USA)
","When his secret bride is executed for assaulting an English soldier who tried to rape her, William Wallace begins a revolt against King Edward I of England.",Mel Gibson,Randall Wallace,Mel Gibson,Sophie Marceau,Patrick McGoohan,NA
75,Vertigo,-1958,8.3,"323,626",PG,2h 8min,Mystery,Romance,Thriller,NA,"21 July 1958 (Brazil)
",A former police detective juggles wrestling with his personal demons and becoming obsessed with a hauntingly beautiful woman.,Alfred Hitchcock,Alec Coppel,Samuel A. Taylor,James Stewart,Kim Novak,Barbara Bel Geddes
76,Kimi no na wa.,-2016,8.3,"138,258",PG,1h 46min,Animation,Drama,Fantasy,NA,"26 August 2016 (Japan)
","Two strangers find themselves linked in a bizarre way. When a connection forms, will distance be the only thing to keep them apart?",Makoto Shinkai,Makoto Shinkai,Makoto Shinkai,Ryûnosuke Kamiki,Mone Kamishiraishi,Ryô Narita
77,North by Northwest,-1959,8.3,"274,379",NA,2h 16min,Adventure,Mystery,Thriller,NA,"26 September 1959 (Japan)
",A New York City advertising executive goes on the run after being mistaken for a government agent by a group of foreign spies.,Alfred Hitchcock,Ernest Lehman,Cary Grant,Eva Marie Saint,James Mason,NA
78,Reservoir Dogs,-1992,8.3,"831,475",R,1h 39min,Crime,Drama,Thriller,NA,"2 September 1992 (France)
","When a simple jewelry heist goes horribly wrong, the surviving criminals begin to suspect that one of them is a police informant.",Quentin Tarantino,Quentin Tarantino,Quentin Tarantino,Harvey Keitel,Tim Roth,Michael Madsen
79,Star Wars: Episode VI - Return of the Jedi,-1983,8.3,"868,107",PG,2h 11min,Action,Adventure,Fantasy,NA,"25 May 1983 (USA)
","After a daring mission to rescue Han Solo from Jabba the Hutt, the Rebels dispatch to Endor to destroy the second Death Star. Meanwhile, Luke struggles to help Darth Vader back from the dark side without falling into the Emperor's trap.",Richard Marquand,Lawrence Kasdan,George Lucas,Mark Hamill,Harrison Ford,Carrie Fisher
80,Amadeus,-1984,8.3,"339,698",R,2h 40min,Biography,Drama,History,NA,"19 September 1984 (USA)
","The life, success and troubles of Wolfgang Amadeus Mozart, as told by Antonio Salieri, the contemporaneous composer who was insanely jealous of Mozart's talent and claimed to have murdered him.",Milos Forman,Peter Shaffer,Peter Shaffer,F. Murray Abraham,Tom Hulce,Elizabeth Berridge
81,M - Eine Stadt sucht einen Mörder,-1931,8.3,"129,591",NA,1h 57min,Crime,Mystery,Thriller,NA,"31 August 1931 (Sweden)
","When the police in a German city are unable to catch a child-murderer, other criminals join in the manhunt.",Fritz Lang,Thea von Harbou,Fritz Lang,Peter Lorre,Ellen Widmann,Inge Landgut
82,Requiem for a Dream,-2000,8.3,"705,121",R,1h 42min,Drama,NA,NA,NA,"15 December 2000 (USA)
",The drug-induced utopias of four Coney Island people are shattered when their addictions run deep.,Darren Aronofsky,Hubert Selby Jr.,Hubert Selby Jr.,Ellen Burstyn,Jared Leto,Jennifer Connelly
83,Toy Story,-1995,8.3,"805,378",NA,1h 21min,Animation,Adventure,Comedy,NA,"22 November 1995 (USA)
",A cowboy doll is profoundly threatened and jealous when a new spaceman figure supplants him as top toy in a boy's room.,John Lasseter,John Lasseter,Pete Docter,Tom Hanks,Tim Allen,Don Rickles
84,3 Idiots,-2009,8.3,"303,546",UA,2h 50min,Comedy,Drama,NA,NA,"25 December 2009 (India)
","Two friends are searching for their long lost companion. They revisit their college days and recall the memories of their friend who inspired them to think differently, even as the rest of the world called them ""idiots"".",Rajkumar Hirani,Rajkumar Hirani,Abhijat Joshi,Aamir Khan,Madhavan,Mona Singh
85,Dangal,-2016,8.3,"126,007",U,2h 41min,Action,Biography,Drama,NA,"23 December 2016 (India)
",Former wrestler Mahavir Singh Phogat and his two wrestler daughters struggle towards glory at the Commonwealth Games in the face of societal oppression.,Mahavir Singh Phogat,Nitesh Tiwari,Piyush Gupta,3 more credits,Aamir Khan,Sakshi Tanwar
86,2001: A Space Odyssey,-1968,8.3,"547,198",NA,2h 29min,Adventure,Sci-Fi,NA,NA,"12 May 1968 (UK)
","After discovering a mysterious artifact buried beneath the Lunar surface, mankind sets off on a quest to find its origins with help from intelligent supercomputer H.A.L. 9000.",Stanley Kubrick,Stanley Kubrick,Arthur C. Clarke,Keir Dullea,Gary Lockwood,William Sylvester
87,Eternal Sunshine of the Spotless Mind,-2004,8.3,"830,939",A,1h 48min,Drama,Romance,Sci-Fi,NA,"19 March 2004 (USA)
","When their relationship turns sour, a couple undergoes a medical procedure to have each other erased from their memories.",Michel Gondry,Charlie Kaufman,Michel Gondry,Jim Carrey,Kate Winslet,Tom Wilkinson
88,Taare Zameen Par,-2007,8.3,"144,448",U,2h 45min,Drama,Family,NA,NA,"21 December 2007 (India)
","An eight-year-old boy is thought to be a lazy trouble-maker, until the new art teacher has the patience and compassion to discover the real problem behind his struggles in school.",Aamir Khan,Amole Gupte,Amole Gupte,Darsheel Safary,Aamir Khan,Tisca Chopra
89,Lawrence of Arabia,-1962,8.3,"244,769",NA,3h 36min,Adventure,Biography,Drama,NA,"11 December 1962 (UK)
","The story of T.E. Lawrence, the English officer who successfully united and led the diverse, often warring, Arab tribes during World War I in order to fight the Turks.",T.E. Lawrence,David Lean,T.E. Lawrence,1 more credit,Peter O'Toole,Alec Guinness
90,A Clockwork Orange,-1971,8.3,"694,649",NA,2h 16min,Crime,Drama,Sci-Fi,NA,"13 January 1972 (UK)
","In the future, a sadistic gang leader is imprisoned and volunteers for a conduct-aversion experiment, but it doesn't go as planned.",Stanley Kubrick,Stanley Kubrick,Anthony Burgess,Malcolm McDowell,Patrick Magee,Michael Bates
91,Singin' in the Rain,-1952,8.3,"199,042",G,1h 43min,Comedy,Musical,Romance,NA,"11 April 1952 (USA)
",A silent film production company and cast make a difficult transition to sound.,Stanley Donen,Gene Kelly,Betty Comden,Gene Kelly,Donald O'Connor,Debbie Reynolds
92,Inglourious Basterds,-2009,8.3,"1,129,061",A,2h 33min,Adventure,Drama,War,NA,"2 October 2009 (India)
","In Nazi-occupied France during World War II, a plan to assassinate Nazi leaders by a group of Jewish U.S. soldiers coincides with a theatre owner's vengeful plans for the same.",Quentin Tarantino,Quentin Tarantino,Brad Pitt,Diane Kruger,Eli Roth,NA
93,Double Indemnity,-1944,8.3,"129,643",NA,1h 47min,Crime,Drama,Film-Noir,NA,"6 July 1944 (USA)
",An insurance representative lets himself be talked into a murder/insurance fraud scheme that arouses the suspicion of an insurance investigator.,Billy Wilder,Billy Wilder,Raymond Chandler,Fred MacMurray,Barbara Stanwyck,Edward G. Robinson
94,Amélie,-2001,8.3,"656,085",R,2h 2min,Comedy,Romance,NA,NA,"25 April 2001 (France)
","Amélie is an innocent and naive girl in Paris with her own sense of justice. She decides to help those around her and, along the way, discovers love.",Jean-Pierre Jeunet,Guillaume Laurant,Jean-Pierre Jeunet,Audrey Tautou,Mathieu Kassovitz,Rufus
95,Taxi Driver,-1976,8.3,"642,619",NA,1h 54min,Crime,Drama,NA,NA,"8 February 1976 (USA)
","A mentally unstable veteran works as a nighttime taxi driver in New York City, where the perceived decadence and sleaze fuels his urge for violent action by attempting to liberate a presidential campaign worker and an underage prostitute.",Martin Scorsese,Paul Schrader,Robert De Niro,Jodie Foster,Cybill Shepherd,NA
96,Full Metal Jacket,-1987,8.3,"614,649",NA,1h 56min,Drama,War,NA,NA,"10 July 1987 (USA)
",A pragmatic U.S. Marine observes the dehumanizing effects the Vietnam War has on his fellow recruits from their brutal boot camp training to the bloody street fighting in Hue.,Stanley Kubrick,Stanley Kubrick,Michael Herr,Matthew Modine,R. Lee Ermey,Vincent D'Onofrio
97,Good Will Hunting,-1997,8.3,"773,868",R,2h 6min,Drama,Romance,NA,NA,"9 January 1998 (USA)
","Will Hunting, a janitor at M.I.T., has a gift for mathematics, but needs help from a psychologist to find direction in his life.",Gus Van Sant,Matt Damon,Ben Affleck,Robin Williams,Matt Damon,Ben Affleck
98,Ladri di biciclette,-1948,8.3,"129,307",NA,1h 29min,Drama,NA,NA,NA,"24 November 1948 (Italy)
","In post-war Italy, a working-class man's bicycle is stolen. He and his son set out to find it.",Vittorio De Sica,Cesare Zavattini,Luigi Bartolini,Lamberto Maggiorani,Enzo Staiola,Lianella Carell
99,To Kill a Mockingbird,-1962,8.3,"274,427",NA,2h 9min,Crime,Drama,NA,NA,"16 March 1963 (USA)
","Atticus Finch, a lawyer in the Depression-era South, defends a black man against an undeserved rape charge, and his children against prejudice.",Robert Mulligan,Harper Lee,Horton Foote,Gregory Peck,John Megna,Frank Overton
100,The Kid,-1921,8.3,"99,002",NA,1h 8min,Comedy,Drama,Family,NA,"6 February 1921 (USA)
","The Tramp cares for an abandoned child, but events put that relationship in jeopardy.",Charles Chaplin,Charles Chaplin,Charles Chaplin,Edna Purviance,Jackie Coogan,NA
101,The Sting,-1973,8.3,"222,183",NA,2h 9min,Comedy,Crime,Drama,NA,"25 December 1973 (USA)
",Two grifters team up to pull off the ultimate con.,George Roy Hill,David S. Ward,Paul Newman,Robert Redford,Robert Shaw,NA
102,Toy Story 3,-2010,8.3,"692,912",U,1h 43min,Animation,Adventure,Comedy,NA,"25 June 2010 (India)
","The toys are mistakenly delivered to a day-care center instead of the attic right before Andy leaves for college, and it's up to Woody to convince the other toys that they weren't abandoned and to return home.",Lee Unkrich,John Lasseter,Andrew Stanton,Tom Hanks,Tim Allen,Joan Cusack
103,Jagten,-2012,8.3,"244,830",R,1h 55min,Drama,NA,NA,NA,"10 January 2013 (Denmark)
","A teacher lives a lonely life, all the while struggling over his son's custody. His life slowly gets better as he finds love and receives good news from his son, but his new luck is about to be brutally shattered by an innocent little lie.",Thomas Vinterberg,Tobias Lindholm,Thomas Vinterberg,Mads Mikkelsen,Thomas Bo Larsen,Annika Wedderkopp
104,Snatch,-2000,8.3,"723,468",R,1h 44min,Comedy,Crime,NA,NA,"1 September 2000 (UK)
","Unscrupulous boxing promoters, violent bookmakers, a Russian gangster, incompetent amateur robbers and supposedly Jewish jewelers fight to track down a priceless stolen diamond.",Guy Ritchie,Guy Ritchie,Jason Statham,Brad Pitt,Benicio Del Toro,NA
105,Scarface,-1983,8.2,"670,113",A,2h 50min,Crime,Drama,NA,NA,"9 December 1983 (USA)
","In Miami in 1980, a determined Cuban immigrant takes over a drug cartel and succumbs to greed.",Brian De Palma,Oliver Stone,Al Pacino,Michelle Pfeiffer,Steven Bauer,NA
106,The Apartment,-1960,8.2,"145,801",NA,2h 5min,Comedy,Drama,Romance,NA,"16 September 1960 (France)
","A man tries to rise in his company by letting its executives use his apartment for trysts, but complications and a romance of his own ensue.",Billy Wilder,Billy Wilder,I.A.L. Diamond,Jack Lemmon,Shirley MacLaine,Fred MacMurray
107,Per qualche dollaro in più,-1965,8.2,"208,584",R,2h 12min,Western,NA,NA,NA,"25 March 1966 (West Germany)
",Two bounty hunters with the same intentions team up to track down a Western outlaw.,Sergio Leone,Sergio Leone,Fulvio Morsella,Clint Eastwood,Lee Van Cleef,Gian Maria Volontè
108,Metropolis,-1927,8.2,"145,737",NA,2h 33min,Drama,Sci-Fi,NA,NA,"28 February 1927 (Norway)
","In a futuristic city sharply divided between the working class and the city planners, the son of the city's mastermind falls in love with a working class prophet who predicts the coming of a savior to mediate their differences.",Fritz Lang,Thea von Harbou,Thea von Harbou,Brigitte Helm,Alfred Abel,Gustav Fröhlich
109,Monty Python and the Holy Grail,-1975,8.2,"465,115",NA,1h 31min,Adventure,Comedy,Fantasy,NA,"6 December 1979 (India)
","King Arthur and his Knights of the Round Table embark on a surreal, low-budget search for the Holy Grail, encountering many, very silly obstacles.",Terry Gilliam,Terry Jones,Graham Chapman,4 more credits,Graham Chapman,John Cleese
110,L.A. Confidential,-1997,8.2,"496,779",R,2h 18min,Crime,Drama,Mystery,NA,"19 September 1997 (USA)
","As corruption grows in 1950s Los Angeles, three policemen -- one strait-laced, one brutal, and one sleazy -- investigate a series of murders with their own brand of justice.",Curtis Hanson,James Ellroy,Brian Helgeland,Kevin Spacey,Russell Crowe,Guy Pearce
111,Jodaeiye Nader az Simin,-2011,8.2,"199,276",PG-13,2h 3min,Drama,Thriller,NA,NA,"29 October 2012 (India)
",A married couple are faced with a difficult decision - to improve the life of their child by moving to another country or to stay in Iran and look after a deteriorating parent who has Alzheimer's disease.,Asghar Farhadi,Asghar Farhadi,Payman Maadi,Leila Hatami,Sareh Bayat,NA
112,Indiana Jones and the Last Crusade,-1989,8.2,"638,948",U,2h 7min,Action,Adventure,NA,NA,"24 May 1989 (USA)
","In 1938, after his father Professor Henry Jones, Sr. goes missing while pursuing the Holy Grail, Professor Henry ""Indiana"" Jones, Jr. finds himself up against Adolf Hitler's Nazis again to stop them from obtaining its powers.",Adolf Hitler,Steven Spielberg,Jeffrey Boam,3 more credits,Harrison Ford,Sean Connery
113,Up,-2009,8.2,"853,592",PG,1h 36min,Animation,Adventure,Comedy,NA,"11 September 2009 (India)
","Seventy-eight year old Carl Fredricksen travels to Paradise Falls in his home equipped with balloons, inadvertently taking a young stowaway.",Pete Docter,Pete Docter,Bob Peterson,3 more credits,Edward Asner,Jordan Nagai
114,Rashômon,-1950,8.2,"136,640",NA,1h 28min,Crime,Drama,Mystery,NA,"26 August 1950 (Japan)
","The rape of a bride and the murder of her samurai husband are recalled from the perspectives of a bandit, the bride, the samurai's ghost and a woodcutter.",Akira Kurosawa,Ryûnosuke Akutagawa,Akira Kurosawa,Toshirô Mifune,Machiko Kyô,Masayuki Mori
115,All About Eve,-1950,8.2,"110,308",NA,2h 18min,Drama,NA,NA,NA,"27 October 1950 (USA)
",An ingénue insinuates herself into the lives of an established but aging stage actress and her circle of theater friends.,Joseph L. Mankiewicz,Joseph L. Mankiewicz,Bette Davis,Anne Baxter,George Sanders,NA
116,Batman Begins,-2005,8.2,"1,202,444",UA,2h 20min,Action,Adventure,NA,NA,"17 June 2005 (India)
","After training with his mentor, Batman begins his fight to free crime-ridden Gotham City from corruption.",Christopher Nolan,Bob Kane,David S. Goyer,Christian Bale,Michael Caine,Ken Watanabe
117,Some Like It Hot,-1959,8.2,"222,730",NA,2h 1min,Comedy,Music,Romance,NA,"14 April 1959 (Japan)
","When two male musicians witness a mob hit, they flee the state in an all-female band disguised as women, but further complications set in.",Billy Wilder,Billy Wilder,I.A.L. Diamond,Marilyn Monroe,Tony Curtis,Jack Lemmon
118,Yôjinbô,-1961,8.2,"99,265",NA,1h 50min,Action,Drama,Thriller,NA,"25 April 1961 (Japan)
",A crafty ronin comes to a town divided by two criminal gangs and decides to play them against each other to free the town.,Akira Kurosawa,Akira Kurosawa,Akira Kurosawa,Toshirô Mifune,Eijirô Tôno,Tatsuya Nakadai
119,Der Untergang,-2004,8.2,"307,828",R,2h 36min,Biography,Drama,History,NA,"16 September 2004 (Germany)
","Traudl Junge, the final secretary for Adolf Hitler, tells of the Nazi dictator's final days in his Berlin bunker at the end of WWII.",Oliver Hirschbiegel,Bernd Eichinger,Joachim Fest,Bruno Ganz,Alexandra Maria Lara,Ulrich Matthes
120,Die Hard,-1988,8.2,"725,002",A,2h 12min,Action,Thriller,NA,NA,"20 July 1988 (USA)
",An NYPD officer tries to save his wife and several others taken hostage by German terrorists during a Christmas party at the Nakatomi Plaza in Los Angeles.,John McTiernan,Roderick Thorp,Jeb Stuart,Bruce Willis,Alan Rickman,Bonnie Bedelia
121,Unforgiven,-1992,8.2,"344,148",R,2h 10min,Drama,Western,NA,NA,"7 August 1992 (USA)
","Retired Old West gunslinger William Munny reluctantly takes on one last job, with the help of his old partner and a young man.",Clint Eastwood,David Webb Peoples,Clint Eastwood,Gene Hackman,Morgan Freeman,NA
122,Heat,-1995,8.2,"527,228",R,2h 50min,Crime,Drama,Thriller,NA,"15 December 1995 (USA)
",A group of professional bank robbers start to feel the heat from police when they unknowingly leave a clue at their latest heist.,Michael Mann,Michael Mann,Al Pacino,Robert De Niro,Val Kilmer,NA
123,Incendies,-2010,8.2,"125,601",R,2h 11min,Drama,Mystery,War,NA,"12 January 2011 (France)
",Twins journey to the Middle East to discover their family history and fulfill their mother's last wishes.,Denis Villeneuve,Denis Villeneuve,Wajdi Mouawad,Lubna Azabal,Mélissa Désormeaux-Poulin,Maxim Gaudette
124,The Treasure of the Sierra Madre,-1948,8.2,"104,236",NA,2h 6min,Adventure,Drama,Western,NA,"24 January 1948 (USA)
","Fred Dobbs and Bob Curtin, two Americans searching for work in Mexico, convince an old prospector to help them mine for gold in the Sierra Madre Mountains.",John Huston,John Huston,B. Traven,Humphrey Bogart,Walter Huston,Tim Holt
125,Ikiru,-1952,8.2,"59,166",NA,2h 23min,Drama,NA,NA,NA,"9 October 1952 (Japan)
",A bureaucrat tries to find a meaning in his life after he discovers he has terminal cancer.,Akira Kurosawa,Akira Kurosawa,Shinobu Hashimoto,Takashi Shimura,Nobuo Kaneko,Shin'ichi Himori
126,Green Book,-2018,8.2,"222,532",UA,2h 10min,Biography,Comedy,Drama,NA,"16 November 2018 (USA)
",A working-class Italian-American bouncer becomes the driver of an African-American classical pianist on a tour of venues through the 1960s American South.,Peter Farrelly,Nick Vallelonga,Brian Hayes Currie,Viggo Mortensen,Mahershala Ali,Linda Cardellini
127,Raging Bull,-1980,8.2,"290,826",NA,2h 9min,Biography,Drama,Sport,NA,"19 December 1980 (USA)
","The life of boxer Jake LaMotta, who's violence and temper that lead him to the top in the ring destroyed his life outside of it.",Jake LaMotta,Martin Scorsese,Jake LaMotta,3 more credits,Robert De Niro,Cathy Moriarty
128,The Great Escape,-1963,8.2,"206,143",NA,2h 52min,Adventure,Drama,History,NA,"4 July 1963 (USA)
",Allied prisoners of war plan for several hundred of their number to escape from a German camp during World War II.,John Sturges,Paul Brickhill,James Clavell,Steve McQueen,James Garner,Richard Attenborough
129,Bacheha-Ye aseman,-1997,8.2,"54,470",PG,1h 29min,Drama,Family,NA,NA,"1997 (Iran)
","After a boy loses his sister's pair of shoes, he goes on a series of adventures in order to find them. When he can't, he tries a new way to ""win"" a new pair.",Majid Majidi,Majid Majidi,Mohammad Amir Naji,Amir Farrokh Hashemian,Bahare Seddiqi,NA
130,Pan's Labyrinth,-2006,8.2,"575,623",R,1h 58min,Drama,Fantasy,War,NA,"11 October 2006 (Spain)
","In the Falangist Spain of 1944, the bookish young stepdaughter of a sadistic army officer escapes into an eerie but captivating fantasy world.",Guillermo del Toro,Guillermo del Toro,Ivana Baquero,Ariadna Gil,Sergi López,NA
131,Chinatown,-1974,8.2,"267,716",NA,2h 10min,Drama,Mystery,Thriller,NA,"20 June 1974 (USA)
","A private detective hired to expose an adulterer finds himself caught up in a web of deceit, corruption, and murder.",Roman Polanski,Robert Towne,Jack Nicholson,Faye Dunaway,John Huston,NA
132,Tonari no Totoro,-1988,8.2,"241,151",NA,1h 26min,Animation,Family,Fantasy,NA,"16 April 1988 (Japan)
","When two girls move to the country to be near their ailing mother, they have adventures with the wondrous forest spirits who live nearby.",Hayao Miyazaki,Hayao Miyazaki,Hitoshi Takagi,Noriko Hidaka,Chika Sakamoto,NA
133,Hauru no ugoku shiro,-2004,8.2,"285,397",PG,1h 59min,Animation,Adventure,Family,NA,"20 November 2004 (Japan)
","When an unconfident young woman is cursed with an old body by a spiteful witch, her only chance of breaking the spell lies with a self-indulgent yet insecure young wizard and his companions in his legged, walking castle.",Hayao Miyazaki,Hayao Miyazaki,Diana Wynne Jones,Chieko Baishô,Takuya Kimura,Tatsuya Gashûin
134,Ran,-1985,8.2,"100,276",NA,2h 42min,Action,Drama,NA,NA,"1 June 1985 (Japan)
","In Medieval Japan, an elderly warlord retires, handing over his empire to his three sons. However, he vastly underestimates how the new-found power will corrupt them and cause them to turn on each other...and him.",Akira Kurosawa,Akira Kurosawa,Hideo Oguni,Tatsuya Nakadai,Akira Terao,Jinpachi Nezu
135,The Third Man,-1949,8.2,"146,135",NA,1h 44min,Film-Noir,Mystery,Thriller,NA,"12 October 1949 (France)
","Pulp novelist Holly Martins travels to shadowy, postwar Vienna, only to find himself investigating the mysterious death of an old friend, Harry Lime.",Carol Reed,Graham Greene,Graham Greene,Orson Welles,Joseph Cotten,Alida Valli
136,Judgment at Nuremberg,-1961,8.2,"62,331",NA,3h 6min,Drama,War,NA,NA,"18 December 1961 (Sweden)
","In 1948, an American court in occupied Germany tries four Nazis judged for war crimes.",Stanley Kramer,Abby Mann,Abby Mann,Spencer Tracy,Burt Lancaster,Richard Widmark
137,Babam ve Oglum,-2005,8.2,"68,700",NA,1h 48min,Drama,Family,NA,NA,"18 November 2005 (Turkey)
",The family of a left-wing journalist is torn apart after a military coup in 1980's Turkey.,Çagan Irmak,Çagan Irmak,Çetin Tekindor,Fikret Kuskan,Hümeyra,NA
138,El secreto de sus ojos,-2009,8.2,"174,228",R,2h 9min,Drama,Mystery,Romance,NA,"13 August 2009 (Argentina)
",A retired legal counselor writes a novel hoping to find closure for one of his past unresolved homicide cases and for his unreciprocated love with his superior - both of which still haunt him decades later.,Juan José Campanella,Eduardo Sacheri,Juan José Campanella,Ricardo Darín,Soledad Villamil,Pablo Rago
139,The Gold Rush,-1925,8.2,"90,205",NA,1h 35min,Adventure,Comedy,Drama,NA,"1925 (Germany)
",A prospector goes to the Klondike in search of gold and finds it and more.,Charles Chaplin,Charles Chaplin,Charles Chaplin,Mack Swain,Tom Murray,NA
140,A Beautiful Mind,-2001,8.2,"776,182",PG-13,2h 15min,Biography,Drama,NA,NA,"4 January 2002 (USA)
","After John Nash, a brilliant but asocial mathematician, accepts secret work in cryptography, his life takes a turn for the nightmarish.",John Nash,Ron Howard,Akiva Goldsman,Russell Crowe,Ed Harris,Jennifer Connelly
141,The Bridge on the River Kwai,-1957,8.2,"187,262",PG,2h 41min,Adventure,Drama,War,NA,"11 October 1957 (UK)
","After settling his differences with a Japanese P.O.W. camp commander, a British colonel co-operates to oversee his men's construction of a railway bridge for their captors, while oblivious to a plan by the Allies to destroy it.",David Lean,Pierre Boulle,Carl Foreman,William Holden,Alec Guinness,Jack Hawkins
142,Casino,-1995,8.2,"417,051",A,2h 58min,Crime,Drama,NA,NA,"22 November 1995 (USA)
","A tale of greed, deception, money, power, and murder occur between two best friends: a mafia enforcer and a casino executive, compete against each other over a gambling empire, and over a fast living and fast loving socialite.",Martin Scorsese,Nicholas Pileggi,Nicholas Pileggi,Robert De Niro,Sharon Stone,Joe Pesci
143,"Lock, Stock and Two Smoking Barrels",-1998,8.2,"495,701",R,1h 47min,Comedy,Crime,NA,NA,"28 August 1998 (UK)
","A botched card game in London triggers four friends, thugs, weed-growers, hard gangsters, loan sharks and debt collectors to collide with each other in a series of unexpected events, all for the sake of weed, cash and two antique shotguns.",Guy Ritchie,Guy Ritchie,Jason Flemyng,Dexter Fletcher,Nick Moran,NA
144,"Three Billboards Outside Ebbing, Missouri",-2017,8.1,"350,777",R,1h 55min,Crime,Drama,NA,NA,"23 February 2018 (India)
",A mother personally challenges the local authorities to solve her daughter's murder when they fail to catch the culprit.,Martin McDonagh,Martin McDonagh,Frances McDormand,Woody Harrelson,Sam Rockwell,NA
145,Det sjunde inseglet,-1957,8.1,"144,668",NA,1h 36min,Drama,Fantasy,NA,NA,"16 February 1957 (Sweden)
","A man seeks answers about life, death, and the existence of God as he plays chess against the Grim Reaper during the Black Plague.",Ingmar Bergman,Ingmar Bergman,Ingmar Bergman,Max von Sydow,Gunnar Björnstrand,Bengt Ekerot
146,On the Waterfront,-1954,8.1,"129,683",NA,1h 48min,Crime,Drama,Thriller,NA,"22 June 1954 (Japan)
",An ex-prize fighter turned longshoreman struggles to stand up to his corrupt union bosses.,Elia Kazan,Budd Schulberg,Budd Schulberg,Marlon Brando,Karl Malden,Lee J. Cobb
147,The Wolf of Wall Street,-2013,8.1,"1,044,691",A,3h,Biography,Crime,Drama,NA,"3 January 2014 (India)
","Based on the true story of Jordan Belfort, from his rise to a wealthy stock-broker living the high life to his fall involving crime, corruption and the federal government.",Martin Scorsese,Terence Winter,Jordan Belfort,Leonardo DiCaprio,Jonah Hill,Margot Robbie
148,The Elephant Man,-1980,8.1,"201,602",NA,2h 4min,Biography,Drama,NA,NA,"10 October 1980 (USA)
","When a prestigious doctor takes on the task of studying a deformed gentlemen known as ""the Elephant Man"", he finds that the man is quite personable and intelligent.",David Lynch,Christopher De Vore,Eric Bergren,Anthony Hopkins,John Hurt,Anne Bancroft
149,Inside Out,-2015,8.1,"542,448",U,1h 35min,Animation,Adventure,Comedy,NA,"26 June 2015 (India)
","After young Riley is uprooted from her Midwest life and moved to San Francisco, her emotions - Joy, Fear, Anger, Disgust and Sadness - conflict on how best to navigate a new city, house, and school.",Pete Docter,Pete Docter,Ronnie Del Carmen,7 more credits,Amy Poehler,Bill Hader
150,V for Vendetta,-2005,8.1,"957,593",A,2h 12min,Action,Drama,Sci-Fi,NA,"16 March 2006 (Germany)
","In a future British tyranny, a shadowy freedom fighter, known only by the alias of ""V"", plots to overthrow it with the help of a young woman.",James McTeigue,Lilly Wachowski,Lana Wachowski,Hugo Weaving,Natalie Portman,Rupert Graves
151,There Will Be Blood,-2007,8.1,"466,810",R,2h 38min,Drama,NA,NA,NA,"25 January 2008 (USA)
","A story of family, religion, hatred, oil and madness, focusing on a turn-of-the-century prospector in the early days of the business.",Paul Thomas Anderson,Paul Thomas Anderson,Upton Sinclair,Daniel Day-Lewis,Paul Dano,Ciarán Hinds
152,Mr. Smith Goes to Washington,-1939,8.1,"98,873",NA,2h 9min,Comedy,Drama,NA,NA,"19 October 1939 (USA)
","A naive man is appointed to fill a vacancy in the United States Senate. His plans promptly collide with political corruption, but he doesn't back down.",Frank Capra,Sidney Buchman,Lewis R. Foster,James Stewart,Jean Arthur,Claude Rains
153,No Country for Old Men,-2007,8.1,"772,599",R,2h 2min,Crime,Drama,Thriller,NA,"21 November 2007 (USA)
",Violence and mayhem ensue after a hunter stumbles upon a drug deal gone wrong and more than two million dollars in cash near the Rio Grande.,Joel Coen,Joel Coen,Ethan Coen,1 more credit,Tommy Lee Jones,Javier Bardem
154,Toy Story 4,-2019,8.1,"71,575",U,1h 40min,Animation,Adventure,Comedy,NA,"21 June 2019 (India)
","When a new toy called ""Forky"" joins Woody and the gang, a road trip alongside old and new friends reveals how big the world can be for a toy.",Josh Cooley,John Lasseter,Andrew Stanton,Tom Hanks,Tim Allen,Annie Potts
155,Blade Runner,-1982,8.1,"632,257",R,1h 57min,Sci-Fi,Thriller,NA,NA,"25 June 1982 (USA)
","A blade runner must pursue and terminate four replicants who stole a ship in space, and have returned to Earth to find their creator.",Ridley Scott,Hampton Fancher,David Webb Peoples,Harrison Ford,Rutger Hauer,Sean Young
156,Warrior,-2011,8.1,"405,788",UA,2h 20min,Drama,Sport,NA,NA,"9 September 2011 (USA)
","The youngest son of an alcoholic former boxer returns home, where he's trained by his father for competition in a mixed martial arts tournament - a path that puts the fighter on a collision course with his estranged, older brother.",Gavin O'Connor,Gavin O'Connor,Anthony Tambakis,Tom Hardy,Nick Nolte,Joel Edgerton
157,Dial M for Murder,-1954,8.1,"141,556",NA,1h 45min,Crime,Thriller,NA,NA,"29 May 1954 (USA)
",A tennis player frames his unfaithful wife for first-degree murder after she inadvertently hinders his plan to kill her.,Alfred Hitchcock,Frederick Knott,Frederick Knott,Ray Milland,Grace Kelly,Robert Cummings
158,Room,-2015,8.1,"320,403",R,1h 58min,Drama,Thriller,NA,NA,"15 January 2016 (Ireland)
","Held captive for 7 years in an enclosed space, a woman and her young son finally gain their freedom, allowing the boy to experience the outside world for the first time.",Lenny Abrahamson,Emma Donoghue,Emma Donoghue,Brie Larson,Jacob Tremblay,Sean Bridgers
159,The Sixth Sense,-1999,8.1,"849,615",PG-13,1h 47min,Drama,Mystery,Thriller,NA,"6 August 1999 (USA)
",A boy who communicates with spirits seeks the help of a disheartened child psychologist.,M. Night Shyamalan,M. Night Shyamalan,Bruce Willis,Haley Joel Osment,Toni Collette,NA
160,Smultronstället,-1957,8.1,"84,944",NA,1h 31min,Drama,Romance,NA,NA,"26 December 1957 (Sweden)
","After living a life marked by coldness, an aging professor is forced to confront the emptiness of his existence.",Ingmar Bergman,Ingmar Bergman,Victor Sjöström,Bibi Andersson,Ingrid Thulin,NA
161,Trainspotting,-1996,8.1,"592,592",R,1h 33min,Drama,NA,NA,NA,"23 February 1996 (UK)
","Renton, deeply immersed in the Edinburgh drug scene, tries to clean up and get out, despite the allure of the drugs and influence of friends.",Danny Boyle,Irvine Welsh,John Hodge,Ewan McGregor,Ewen Bremner,Jonny Lee Miller
162,The General,-1926,8.1,"72,285",NA,1h 7min,Action,Adventure,Comedy,NA,"24 February 1927 (France)
","When Union spies steal an engineer's beloved locomotive, he pursues it single-handedly and straight through enemy lines.",Buster Keaton,Buster Keaton,Clyde Bruckman,2 more credits,Buster Keaton,Marion Mack
163,Gone with the Wind,-1939,8.1,"265,854",NA,3h 58min,Drama,History,Romance,NA,"17 January 1940 (USA)
",A manipulative woman and a roguish man conduct a turbulent romance during the American Civil War and Reconstruction periods.,Victor Fleming,George Cukor,1 more credit,Sidney Howard,Clark Gable,Vivien Leigh
164,The Thing,-1982,8.1,"333,914",(Banned),1h 49min,Horror,Mystery,Sci-Fi,NA,"10 December 1982 (India)
",A research team in Antarctica is hunted by a shape-shifting alien that assumes the appearance of its victims.,John Carpenter,Bill Lancaster,John W. Campbell Jr.,Kurt Russell,Wilford Brimley,Keith David
165,Fargo,-1996,8.1,"565,324",R,1h 38min,Crime,Drama,Thriller,NA,"5 April 1996 (USA)
",Jerry Lundegaard's inept crime falls apart due to his and his henchmen's bungling and the persistent police work of the quite pregnant Marge Gunderson.,Ethan Coen,Ethan Coen,Joel Coen,William H. Macy,Frances McDormand,Steve Buscemi
166,Idi i smotri,-1985,8.1,"44,167",NA,2h 22min,Drama,War,NA,NA,"17 October 1985 (Hungary)
","After finding an old rifle, a young boy joins the Soviet resistance movement against ruthless German forces and experiences the horrors of World War II.",Elem Klimov,Ales Adamovich,Ales Adamovich,Aleksey Kravchenko,Olga Mironova,Liubomiras Laucevicius
167,Andhadhun,-2018,8.1,"45,779",UA,2h 19min,Crime,Thriller,NA,NA,"5 October 2018 (India)
",A series of mysterious events change the life of a blind pianist who now must report a crime that was actually never witnessed by him.,Sriram Raghavan,Arijit Biswas,Yogesh Chandekar,Ayushmann Khurrana,Tabu,Radhika Apte
168,Finding Nemo,-2003,8.1,"874,408",NA,1h 40min,Animation,Adventure,Comedy,NA,"30 May 2003 (USA)
","After his son is captured in the Great Barrier Reef and taken to Sydney, a timid clownfish sets out on a journey to bring him home.",Lee Unkrich,Andrew Stanton,Andrew Stanton,2 more credits,Albert Brooks,Ellen DeGeneres
169,Gran Torino,-2008,8.1,"673,459",R,1h 56min,Drama,NA,NA,NA,"13 March 2009 (India)
","Disgruntled Korean War veteran Walt Kowalski sets out to reform his neighbor, a Hmong teenager who tried to steal Kowalski's prized possession: a 1972 Gran Torino.",Clint Eastwood,Nick Schenk,Dave Johannson,Clint Eastwood,Bee Vang,Christopher Carley
170,The Deer Hunter,-1978,8.1,"286,032",A,3h 3min,Drama,War,NA,NA,"23 February 1979 (USA)
",An in-depth examination of the ways in which the U.S. Vietnam War impacts and disrupts the lives of people in a small industrial town in Pennsylvania.,Michael Cimino,Michael Cimino,Deric Washburn,Robert De Niro,Christopher Walken,John Cazale
171,Shutter Island,-2010,8.1,"1,014,256",R,2h 18min,Mystery,Thriller,NA,NA,"4 June 2010 (India)
","In 1954, a U.S. Marshal investigates the disappearance of a murderer, who escaped from a hospital for the criminally insane.",Martin Scorsese,Laeta Kalogridis,Dennis Lehane,Leonardo DiCaprio,Emily Mortimer,Mark Ruffalo
172,The Big Lebowski,-1998,8.1,"667,676",R,1h 57min,Comedy,Crime,NA,NA,"6 March 1998 (USA)
","Jeff ""The Dude"" Lebowski, mistaken for a millionaire of the same name, seeks restitution for his ruined rug and enlists his bowling buddies to help get it.",Ethan Coen,Ethan Coen,Joel Coen,Jeff Bridges,John Goodman,Julianne Moore
173,Kill Bill: Vol. 1,-2003,8.1,"912,458",R,1h 51min,Action,Crime,Thriller,NA,"10 October 2003 (USA)
","After awakening from a four-year coma, a former assassin wreaks vengeance on the team of assassins who betrayed her.",Quentin Tarantino,Quentin Tarantino,Quentin Tarantino,Uma Thurman,David Carradine,Daryl Hannah
174,Sherlock Jr.,-1924,8.1,"33,652",NA,45min,Action,Comedy,Romance,NA,"11 May 1924 (USA)
","A film projectionist longs to be a detective, and puts his meagre skills to work when he is framed by a rival for stealing his girlfriend's father's pocketwatch.",Buster Keaton,Jean C. Havez,Joseph A. Mitchell,Buster Keaton,Kathryn McGuire,Joe Keaton
175,Cool Hand Luke,-1967,8.1,"149,704",NA,2h 7min,Crime,Drama,NA,NA,"1 November 1967 (USA)
","A laid back Southern man is sentenced to two years in a rural prison, but refuses to conform.",Stuart Rosenberg,Donn Pearce,Frank Pierson,Paul Newman,George Kennedy,Strother Martin
176,Mary and Max,-2009,8.1,"151,816",NA,1h 32min,Animation,Comedy,Drama,NA,"9 April 2009 (Australia)
","A tale of friendship between two unlikely pen pals: Mary, a lonely, eight-year-old girl living in the suburbs of Melbourne, and Max, a forty-four-year old, severely obese man living in New York.",Adam Elliot,Adam Elliot,Toni Collette,Philip Seymour Hoffman,Eric Bana,NA
177,Tôkyô monogatari,-1953,8.1,"44,365",NA,2h 16min,Drama,NA,NA,NA,"3 November 1953 (Japan)
",An old couple visit their children and grandchildren in the city; but the children have little time for them.,Yasujirô Ozu,Kôgo Noda,Yasujirô Ozu,Chishû Ryû,Chieko Higashiyama,Sô Yamamura
178,Jurassic Park,-1993,8.1,"789,033",UA,2h 7min,Action,Adventure,Sci-Fi,NA,"15 April 1994 (India)
","During a preview tour, a theme park suffers a major power breakdown that allows its cloned dinosaur exhibits to run amok.",Steven Spielberg,Michael Crichton,Michael Crichton,Sam Neill,Laura Dern,Jeff Goldblum
179,Hacksaw Ridge,-2016,8.1,"371,663",R,2h 19min,Biography,Drama,History,NA,"16 December 2016 (India)
","World War II American Army Medic Desmond T. Doss, who served during the Battle of Okinawa, refuses to kill people, and becomes the first man in American history to receive the Medal of Honor without firing a shot.",Desmond T. Doss,Mel Gibson,Robert Schenkkan,Andrew Garfield,Sam Worthington,Luke Bracey
180,Rebecca,-1940,8.1,"111,571",NA,2h 10min,Drama,Mystery,Romance,NA,"12 April 1940 (USA)
",A self-conscious woman juggles adjusting to her new role as an aristocrat's wife and avoiding being intimidated by his first wife's spectral presence.,Alfred Hitchcock,Daphne Du Maurier,Robert E. Sherwood,Laurence Olivier,Joan Fontaine,George Sanders
181,How to Train Your Dragon,-2010,8.1,"615,696",PG,1h 38min,Animation,Action,Adventure,NA,"16 April 2010 (India)
","A hapless young Viking who aspires to hunt dragons becomes the unlikely friend of a young dragon himself, and learns there may be more to the creatures than he assumed.",Chris Sanders,William Davies,Dean DeBlois,3 more credits,Jay Baruchel,Gerard Butler
182,Gone Girl,-2014,8.1,"767,885",A,2h 29min,Drama,Mystery,Thriller,NA,"31 October 2014 (India)
","With his wife's disappearance having become the focus of an intense media circus, a man sees the spotlight turned on him when it's suspected that he may not be innocent.",David Fincher,Gillian Flynn,Gillian Flynn,Ben Affleck,Rosamund Pike,Neil Patrick Harris
183,Relatos salvajes,-2014,8.1,"152,759",R,2h 2min,Comedy,Drama,Thriller,NA,"21 August 2014 (Argentina)
",Six short stories that explore the extremities of human behavior involving people in distress.,Damián Szifron,Germán Servidio,Damián Szifron,Darío Grandinetti,María Marull,Mónica Villa
184,The Truman Show,-1998,8.1,"845,126",PG,1h 43min,Comedy,Drama,Sci-Fi,NA,"5 June 1998 (USA)
",An insurance salesman discovers his whole life is actually a reality TV show.,Peter Weir,Andrew Niccol,Jim Carrey,Ed Harris,Laura Linney,NA
185,Stalker,-1979,8.1,"99,122",NA,2h 42min,Drama,Sci-Fi,NA,NA,"17 April 1980 (Netherlands)
",A guide leads two men through an area known as the Zone to find a room that grants wishes.,Andrei Tarkovsky,Arkadiy Strugatskiy,Boris Strugatskiy,Alisa Freyndlikh,Aleksandr Kaydanovskiy,Anatoliy Solonitsyn
186,The Grand Budapest Hotel,-2014,8.1,"638,270",R,1h 39min,Adventure,Comedy,Crime,NA,"6 March 2014 (Germany)
","The adventures of Gustave H, a legendary concierge at a famous hotel from the fictional Republic of Zubrowka between the first and second World Wars, and Zero Moustafa, the lobby boy who becomes his most trusted friend.",Wes Anderson,Stefan Zweig,Wes Anderson,Ralph Fiennes,F. Murray Abraham,Mathieu Amalric
187,In the Name of the Father,-1993,8.1,"142,407",R,2h 13min,Biography,Drama,NA,NA,"27 December 1993 (Ireland)
",A man's coerced confession to an IRA bombing he did not commit results in the imprisonment of his father as well. An English lawyer fights to free them.,Jim Sheridan,Gerry Conlon,Terry George,Daniel Day-Lewis,Pete Postlethwaite,Alison Crosbie
188,Stand by Me,-1986,8.1,"335,822",NA,1h 29min,Adventure,Drama,NA,NA,"26 November 1986 (USA)
","After the death of one of his friends, a writer recounts a boyhood journey with his friends to find the body of a missing boy.",Rob Reiner,Stephen King,Raynold Gideon,Wil Wheaton,River Phoenix,Corey Feldman
189,Salinui chueok,-2003,8.1,"102,475",NA,2h 11min,Action,Crime,Drama,NA,"2 May 2003 (South Korea)
","In a small Korean province in 1986, three detectives struggle with the case of multiple young women being found raped and murdered by an unknown culprit.",Joon-ho Bong,Joon-ho Bong,Kwang-rim Kim,Kang-ho Song,Sang-kyung Kim,Roe-ha Kim
190,Sunrise: A Song of Two Humans,-1927,8.1,"43,648",NA,1h 34min,Drama,Romance,NA,NA,"4 November 1927 (USA)
",An allegorical tale about a man fighting the good and evil within him. Both sides are made flesh - one a sophisticated woman he is attracted to and the other his wife.,F.W. Murnau,Carl Mayer,Hermann Sudermann,George O'Brien,Janet Gaynor,Margaret Livingston
191,It Happened One Night,-1934,8.1,"85,376",NA,1h 45min,Comedy,Romance,NA,NA,"22 February 1934 (USA)
",A spoiled heiress running away from her family is helped by a man who is actually a reporter in need of a story.,Frank Capra,Robert Riskin,Samuel Hopkins Adams,Clark Gable,Claudette Colbert,Walter Connolly
192,Platoon,-1986,8.1,"353,590",A,2h,Drama,War,NA,NA,"6 February 1987 (USA)
",A young soldier in Vietnam faces a moral crisis when confronted with the horrors of war and the duality of man.,Oliver Stone,Oliver Stone,Charlie Sheen,Tom Berenger,Willem Dafoe,NA
193,Into the Wild,-2007,8.1,"527,029",R,2h 28min,Adventure,Biography,Drama,NA,"19 October 2007 (USA)
","After graduating from Emory University, top student and athlete Christopher McCandless abandons his possessions, gives his entire $24,000 savings account to charity and hitchhikes to Alaska to live in the wilderness. Along the way, Christopher encounters a series of characters that shape his life.",Sean Penn,Sean Penn,Jon Krakauer,Emile Hirsch,Vince Vaughn,Catherine Keener
194,Persona,-1966,8.1,"87,980",NA,1h 25min,Drama,Thriller,NA,NA,"18 October 1966 (Sweden)
",A nurse is put in charge of a mute actress and finds that their personae are melding together.,Ingmar Bergman,Ingmar Bergman,Bibi Andersson,Liv Ullmann,Margaretha Krook,NA
195,Network,-1976,8.1,"132,237",NA,2h 1min,Drama,NA,NA,NA,"27 November 1976 (USA)
",A television network cynically exploits a deranged former anchor's ravings and revelations about the news media for its own profit.,Sidney Lumet,Paddy Chayefsky,Faye Dunaway,William Holden,Peter Finch,NA
196,Ben-Hur,-1959,8.1,"202,705",NA,3h 32min,Adventure,Drama,History,NA,"29 January 1960 (Brazil)
","When a Jewish prince is betrayed and sent into slavery by a Roman friend, he regains his freedom and comes back for revenge.",William Wyler,Lew Wallace,Karl Tunberg,Charlton Heston,Jack Hawkins,Stephen Boyd
197,Life of Brian,-1979,8.1,"337,002",NA,1h 34min,Comedy,NA,NA,NA,"8 November 1979 (UK)
","Born on the original Christmas in the stable next door to Jesus, Brian of Nazareth spends his life being mistaken for a messiah.",Terry Jones,Graham Chapman,John Cleese,Graham Chapman,John Cleese,Michael Palin
198,12 Years a Slave,-2013,8.1,"581,238",A,2h 14min,Biography,Drama,History,NA,"31 January 2014 (India)
","In the antebellum United States, Solomon Northup, a free black man from upstate New York, is abducted and sold into slavery.",Steve McQueen,John Ridley,Solomon Northup,Chiwetel Ejiofor,Michael Kenneth Williams,Michael Fassbender
199,Million Dollar Baby,-2004,8.1,"589,587",UA,2h 12min,Drama,Sport,NA,NA,"11 March 2005 (India)
",A determined woman works with a hardened boxing trainer to become a professional.,Clint Eastwood,Paul Haggis,F.X. Toole,Hilary Swank,Clint Eastwood,Morgan Freeman
200,Before Sunrise,-1995,8.1,"240,253",R,1h 41min,Drama,Romance,NA,NA,"27 January 1995 (USA)
","A young man and woman meet on a train in Europe, and wind up spending one evening together in Vienna. Unfortunately, both know that this will probably be their only night together.",Richard Linklater,Richard Linklater,Kim Krizan,Ethan Hawke,Julie Delpy,Andrea Eckert
201,Hotel Rwanda,-2004,8.1,"314,846",PG-13,2h 1min,Biography,Drama,History,NA,"4 March 2005 (UK)
",Paul Rusesabagina was a hotel manager who housed over a thousand Tutsi refugees during their struggle against the Hutu militia in Rwanda.,Terry George,Keir Pearson,Terry George,Don Cheadle,Sophie Okonedo,Joaquin Phoenix
202,Prisoners,-2013,8.1,"530,847",R,2h 33min,Crime,Drama,Mystery,NA,"27 September 2013 (India)
","When Keller Dover's daughter and her friend go missing, he takes matters into his own hands as the police pursue multiple leads and the pressure mounts.",Denis Villeneuve,Aaron Guzikowski,Hugh Jackman,Jake Gyllenhaal,Viola Davis,NA
203,Mad Max: Fury Road,-2015,8.1,"787,266",UA,2h,Action,Adventure,Sci-Fi,NA,"15 May 2015 (India)
","In a post-apocalyptic wasteland, a woman rebels against a tyrannical ruler in search for her homeland with the aid of a group of female prisoners, a psychotic worshiper, and a drifter named Max.",George Miller,George Miller,Brendan McCarthy,Tom Hardy,Charlize Theron,Nicholas Hoult
204,Logan,-2017,8.1,"568,794",A,2h 17min,Action,Drama,Sci-Fi,NA,"3 March 2017 (India)
","In a future where mutants are nearly extinct, an elderly and weary Logan leads a quiet life. But when Laura, a mutant child pursued by scientists, comes to him for help, he must get her to safety.",James Mangold,James Mangold,Scott Frank,Hugh Jackman,Patrick Stewart,Dafne Keen
205,Hachi: A Dog's Tale,-2009,8.1,"225,406",NA,1h 33min,Drama,Family,NA,NA,"12 March 2010 (UK)
",A college professor bonds with an abandoned dog he takes into his home.,Lasse Hallström,Stephen P. Lindsey,Kaneto Shindô,Richard Gere,Joan Allen,Cary-Hiroyuki Tagawa
206,Rush,-2013,8.1,"396,158",UA,2h 3min,Action,Biography,Drama,NA,"20 September 2013 (India)
",The merciless 1970s rivalry between Formula One rivals James Hunt and Niki Lauda.,James Hunt,Niki Lauda,Ron Howard,Daniel Brühl,Chris Hemsworth,Olivia Wilde
207,Eskiya,-1996,8.1,"55,977",NA,2h 8min,Crime,Drama,Thriller,NA,"29 November 1996 (Turkey)
","Baran the Bandit, released from prison after 35 years searches for vengeance and his lover.",Yavuz Turgul,Yavuz Turgul,Sener Sen,Ugur Yücel,Sermin Hürmeriç,NA
208,Catch Me If You Can,-2002,8.1,"726,559",UA,2h 21min,Biography,Crime,Drama,NA,"25 December 2002 (USA)
","A seasoned FBI agent pursues Frank Abagnale Jr. who, before his 19th birthday, successfully forged millions of dollars' worth of checks while posing as a Pan Am pilot, a doctor, and a legal prosecutor.",Steven Spielberg,Jeff Nathanson,Frank Abagnale Jr.,Leonardo DiCaprio,Tom Hanks,Christopher Walken
209,Le salaire de la peur,-1953,8.1,"48,647",NA,2h 11min,Adventure,Drama,Thriller,NA,"22 April 1953 (France)
","In a decrepit South American village, four men are hired to transport an urgent nitroglycerine shipment without the equipment that would make it safe.",Henri-Georges Clouzot,Georges Arnaud,Henri-Georges Clouzot,Yves Montand,Charles Vanel,Peter van Eyck
210,Les quatre cents coups,-1959,8.1,"92,991",NA,1h 39min,Crime,Drama,NA,NA,"3 June 1959 (France)
","A young boy, left without attention, delves into a life of petty crime.",François Truffaut,François Truffaut,Marcel Moussy,Jean-Pierre Léaud,Albert Rémy,Claire Maurier
211,Spotlight,-2015,8.1,"368,759",R,2h 9min,Biography,Crime,Drama,NA,"19 February 2016 (India)
","The true story of how the Boston Globe uncovered the massive scandal of child molestation and cover-up within the local Catholic Archdiocese, shaking the entire Catholic Church to its core.",Tom McCarthy,Josh Singer,Tom McCarthy,Mark Ruffalo,Michael Keaton,Rachel McAdams
212,Amores perros,-2000,8.1,"208,005",R,2h 34min,Drama,Thriller,NA,NA,"16 June 2000 (Mexico)
","A horrific car accident connects three stories, each involving characters dealing with loss, regret, and life's harsh realities, all in the name of love.",Alejandro G. Iñárritu,Guillermo Arriaga,Emilio Echevarría,Gael García Bernal,Goya Toledo,NA
213,Harry Potter and the Deathly Hallows: Part 2,-2011,8.1,"696,762",PG-13,2h 10min,Adventure,Drama,Fantasy,NA,"15 July 2011 (India)
","Harry, Ron, and Hermione search for Voldemort's remaining Horcruxes in their effort to destroy the Dark Lord as the final battle rages on at Hogwarts.",David Yates,Steve Kloves,J.K. Rowling,Daniel Radcliffe,Emma Watson,Rupert Grint
214,Andrei Rublev,-1966,8.1,"39,370",NA,3h 25min,Biography,Drama,History,NA,"December 1969 (France)
","The life, times and afflictions of the fifteenth-century Russian iconographer.",Andrei Tarkovsky,Andrey Konchalovskiy,Andrei Tarkovsky,Anatoliy Solonitsyn,Ivan Lapikov,Nikolay Grinko
215,Kaze no tani no Naushika,-1984,8,"129,253",PG,1h 57min,Animation,Adventure,Fantasy,NA,"11 March 1984 (Japan)
",Warrior and pacifist Princess Nausicaä desperately struggles to prevent two warring nations from destroying themselves and their dying planet.,Hayao Miyazaki,Hayao Miyazaki,Hayao Miyazaki,Sumi Shimamoto,Mahito Tsujimura,Hisako Kyôda
216,La passion de Jeanne d'Arc,-1928,8,"41,144",NA,1h 50min,Biography,Drama,History,NA,"25 October 1928 (France)
","In 1431, Jeanne d'Arc is placed on trial on charges of heresy. The ecclesiastical jurists attempt to force Jeanne to recant her claims of holy visions.",Carl Theodor Dreyer,Joseph Delteil,Carl Theodor Dreyer,Maria Falconetti,Eugene Silvain,André Berley
217,The Princess Bride,-1987,8,"361,591",NA,1h 38min,Adventure,Family,Fantasy,NA,"9 October 1987 (USA)
","While home sick in bed, a young boy's grandfather reads him the story of a farmboy-turned-pirate who encounters numerous obstacles, enemies and allies in his quest to be reunited with his true love.",Rob Reiner,William Goldman,William Goldman,Cary Elwes,Mandy Patinkin,Robin Wright
218,Barry Lyndon,-1975,8,"133,505",NA,3h 5min,Adventure,Drama,History,NA,"18 December 1975 (UK)
",An Irish rogue wins the heart of a rich widow and assumes her dead husband's aristocratic position in 18th-century England.,Stanley Kubrick,Stanley Kubrick,William Makepeace Thackeray,Ryan O'Neal,Marisa Berenson,Patrick Magee
219,Rocky,-1976,8,"475,985",NA,2h,Drama,Sport,NA,NA,"3 December 1976 (USA)
",A small-time boxer gets a supremely rare chance to fight a heavy-weight champion in a bout in which he strives to go the distance for his self-respect.,John G. Avildsen,Sylvester Stallone,Sylvester Stallone,Talia Shire,Burt Young,NA
220,"Shin seiki Evangelion Gekijô-ban: Air/Magokoro wo, kimi ni",-1997,8,"28,956",NA,1h 30min,Animation,Action,Drama,NA,"2005 (Germany)
",Concurrent theatrical ending of the TV series Shin Seiki Evangerion (1995).,Shin Seiki Evangerion,Kazuya Tsurumaki,Hideaki Anno,Megumi Ogata,Megumi Hayashibara,Yûko Miyamura
221,Butch Cassidy and the Sundance Kid,-1969,8,"188,404",PG,1h 50min,Biography,Crime,Drama,NA,"24 October 1969 (USA)
","Wyoming, early 1900s. Butch Cassidy and The Sundance Kid are the leaders of a band of outlaws. After a train robbery goes wrong they find themselves on the run with a posse hard on their heels. Their solution - escape to Bolivia.",George Roy Hill,William Goldman,Paul Newman,Robert Redford,Katharine Ross,NA
222,"Monsters, Inc.",-2001,8,"746,026",G,1h 32min,Animation,Adventure,Comedy,NA,"2 November 2001 (USA)
","In order to power the city, monsters have to scare children so that they scream. However, the children are toxic to the monsters, and after a child gets through, 2 monsters realize things may not be what they think.",David Silverman,1 more credit,Pete Docter,Jill Culton,10 more credits,Billy Crystal
223,Rang De Basanti,-2006,8,"101,377",UA,2h 47min,Comedy,Drama,NA,NA,"26 January 2006 (India)
","The story of six young Indians who assist an English woman to film a documentary on the freedom fighters from their past, and the events that lead them to relive the long-forgotten saga of freedom.",Rakeysh Omprakash Mehra,Renzil D'Silva,Prasoon Joshi,Aamir Khan,Soha Ali Khan,Siddharth
224,Dead Poets Society,-1989,8,"373,553",NA,2h 8min,Comedy,Drama,NA,NA,"9 June 1989 (USA)
",English teacher John Keating inspires his students to look at poetry with a different perspective of authentic knowledge and feelings.,Peter Weir,Tom Schulman,Robin Williams,Robert Sean Leonard,Ethan Hawke,NA
225,The Grapes of Wrath,-1940,8,"81,423",NA,2h 9min,Drama,History,NA,NA,"15 March 1940 (USA)
","A poor Midwest family is forced off their land. They travel to California, suffering the misfortunes of the homeless in the Great Depression.",John Ford,Nunnally Johnson,John Steinbeck,Henry Fonda,Jane Darwell,John Carradine
226,The Terminator,-1984,8,"734,970",NA,1h 47min,Action,Sci-Fi,NA,NA,"26 October 1984 (USA)
","A seemingly indestructible robot is sent from 2029 to 1984 to assassinate a young waitress, whose unborn son will lead humanity in a war against sentient machines, while a human soldier from the same war is sent to protect her at all costs.",James Cameron,James Cameron,Gale Anne Hurd,Arnold Schwarzenegger,Linda Hamilton,Michael Biehn
227,Ah-ga-ssi,-2016,8,"81,021",NA,2h 25min,Drama,Romance,Thriller,NA,"1 June 2016 (South Korea)
","A woman is hired as a handmaiden to a Japanese heiress, but secretly she is involved in a plot to defraud her.",Chan-wook Park,Sarah Waters,Seo-kyeong Jeong,Min-hee Kim,Jung-woo Ha,Jin-Woong Cho
228,The Maltese Falcon,-1941,8,"141,259",NA,1h 40min,Film-Noir,Mystery,NA,NA,"18 October 1941 (USA)
","A private detective takes on a case that involves him with three eccentric criminals, a gorgeous liar, and their quest for a priceless statuette.",John Huston,John Huston,Dashiell Hammett,Humphrey Bogart,Mary Astor,Gladys George
229,La haine,-1995,8,"132,845",NA,1h 38min,Crime,Drama,NA,NA,"31 May 1995 (France)
",24 hours in the lives of three young men in the French suburbs the day after a violent riot.,Mathieu Kassovitz,Mathieu Kassovitz,Vincent Cassel,Hubert Koundé,Saïd Taghmaoui,NA
230,Faa yeung nin wa,-2000,8,"106,850",PG,1h 38min,Drama,Romance,NA,NA,"29 September 2000 (Hong Kong)
","Two neighbors, a woman and a man, form a strong bond after both suspect extramarital activities of their spouses. However, they agree to keep their bond platonic so as not to commit similar wrongs.",Kar-Wai Wong,Kar-Wai Wong,Tony Chiu-Wai Leung,Maggie Cheung,Ping Lam Siu,NA
231,Gandhi,-1982,8,"208,368",NA,3h 11min,Biography,Drama,History,NA,"17 February 1983 (UK)
","Gandhi's character is fully explained as a man of nonviolence. Through his patience, he is able to drive the British out of the subcontinent. And the stubborn nature of Jinnah and his commitment towards Pakistan is portrayed.",Richard Attenborough,John Briley,Ben Kingsley,John Gielgud,Rohini Hattangadi,NA
232,Donnie Darko,-2001,8,"701,695",R,1h 53min,Drama,Sci-Fi,Thriller,NA,"26 October 2001 (USA)
","A troubled teenager is plagued by visions of a man in a large rabbit suit who manipulates him to commit a series of crimes, after he narrowly escapes a bizarre accident.",Richard Kelly,Richard Kelly,Jake Gyllenhaal,Jena Malone,Mary McDonnell,NA
233,The Help,-2011,8,"394,966",UA,2h 26min,Drama,NA,NA,NA,"25 November 2011 (India)
","An aspiring author during the civil rights movement of the 1960s decides to write a book detailing the African American maids' point of view on the white families for which they work, and the hardships they go through on a daily basis.",Tate Taylor,Tate Taylor,Kathryn Stockett,Emma Stone,Viola Davis,Octavia Spencer
234,Groundhog Day,-1993,8,"544,546",PG,1h 41min,Comedy,Fantasy,Romance,NA,"12 February 1993 (USA)
",A weatherman finds himself inexplicably living the same day over and over again.,Harold Ramis,Danny Rubin,Harold Ramis,Bill Murray,Andie MacDowell,Chris Elliott
235,The Wizard of Oz,-1939,8,"354,151",PG,1h 42min,Adventure,Family,Fantasy,NA,"6 January 1952 (India)
",Dorothy Gale is swept away from a farm in Kansas to a magical land of Oz in a tornado and embarks on a quest with her new friends to see the Wizard who can help her return home to Kansas and help her friends as well.,Victor Fleming,George Cukor,4 more credits,Florence Ryerson,3 more credits,Judy Garland
236,Guardians of the Galaxy,-2014,8,"959,079",UA,2h 1min,Action,Adventure,Comedy,NA,"8 August 2014 (India)
",A group of intergalactic criminals must pull together to stop a fanatical warrior with plans to purge the universe.,James Gunn,James Gunn,Nicole Perlman,Chris Pratt,Vin Diesel,Bradley Cooper
237,Les diaboliques,-1955,8,"57,177",NA,1h 57min,Crime,Drama,Horror,NA,"29 January 1955 (France)
",The wife and mistress of a loathed school principal hatch a plan to murder him while having the perfect alibi. They carry out the plan...but then his body disappears.,Henri-Georges Clouzot,Pierre Boileau,Thomas Narcejac,Simone Signoret,Véra Clouzot,Paul Meurisse
238,Jaws,-1975,8,"514,203",A,2h 4min,Adventure,Drama,Thriller,NA,"26 December 1975 (India)
","When a killer shark unleashes chaos on a beach community, it's up to a local sheriff, a marine biologist, and an old seafarer to hunt the beast down.",Steven Spielberg,Peter Benchley,Carl Gottlieb,Roy Scheider,Robert Shaw,Richard Dreyfuss
239,Before Sunset,-2004,8,"209,948",R,1h 20min,Drama,Romance,NA,NA,"30 July 2004 (USA)
","Nine years after Jesse and Celine first met, they encounter each other again on the French leg of Jesse's book tour.",Richard Linklater,Richard Linklater,Julie Delpy,Ethan Hawke,Julie Delpy,Vernon Dobtcheff
240,Tenkû no shiro Rapyuta,-1986,8,"129,136",NA,2h 5min,Animation,Adventure,Drama,NA,"2 August 1986 (Japan)
",A young boy and a girl with a magic crystal must race against pirates and foreign agents in a search for a legendary floating castle.,Hayao Miyazaki,Hayao Miyazaki,Anna Paquin,James Van Der Beek,Cloris Leachman,NA
241,Pirates of the Caribbean: The Curse of the Black Pearl,-2003,8,"969,295",PG-13,2h 23min,Action,Adventure,Fantasy,NA,"15 August 2003 (India)
","Blacksmith Will Turner teams up with eccentric pirate ""Captain"" Jack Sparrow to save his love, the governor's daughter, from Jack's former pirate allies, who are now undead.",Gore Verbinski,Ted Elliott,Terry Rossio,Johnny Depp,Geoffrey Rush,Orlando Bloom
242,"Paris, Texas",-1984,8,"75,683",NA,2h 25min,Drama,NA,NA,NA,"23 August 1984 (UK)
","Travis Henderson, an aimless drifter who has been missing for four years, wanders out of the desert and must reconnect with society, himself, his life, and his family.",Wim Wenders,L.M. Kit Carson,Sam Shepard,Harry Dean Stanton,Nastassja Kinski,Dean Stockwell
243,Beauty and the Beast,-1991,8,"393,197",NA,1h 24min,Animation,Family,Fantasy,NA,"22 November 1991 (USA)
",A prince cursed to spend his days as a hideous monster sets out to regain his humanity by earning a young woman's love.,Gary Trousdale,Kirk Wise,Linda Woolverton,9 more credits,Paige O'Hara,Robby Benson
244,Da hong deng long gao gao gua,-1991,8,"26,493",NA,2h 5min,Drama,History,Romance,NA,"18 December 1991 (Italy)
","A young woman becomes the fourth wife of a wealthy lord, and must learn to live with the strict rules and tensions within the household.",Yimou Zhang,Su Tong,Ni Zhen,Li Gong,Jingwu Ma,Saifei He
245,The Exorcist,-1973,8,"336,788",R,2h 2min,Horror,NA,NA,NA,"26 December 1973 (USA)
","When a teenage girl is possessed by a mysterious entity, her mother seeks the help of two priests to save her daughter.",William Friedkin,William Peter Blatty,William Peter Blatty,Ellen Burstyn,Max von Sydow,Linda Blair
246,Akira,-1988,8,"141,778",R,2h 4min,Animation,Drama,Sci-Fi,NA,"16 July 1988 (Japan)
",A secret military project endangers Neo-Tokyo when it turns a biker gang member into a rampaging psychic psychopath who can only be stopped by two teenagers and a group of psychics.,Katsuhiro Ôtomo,Katsuhiro Ôtomo,Izô Hashimoto,Mitsuo Iwata,Nozomu Sasaki,Mami Koyama
247,Dog Day Afternoon,-1975,8,"219,514",NA,2h 5min,Biography,Crime,Drama,NA,"25 December 1975 (USA)
","A man robs a bank to pay for his lover's operation, which turns into a hostage situation and a media circus.",Sidney Lumet,Frank Pierson,P.F. Kluge,Al Pacino,John Cazale,Penelope Allen
248,PK,-2014,8,"139,332",UA,2h 33min,Comedy,Drama,Fantasy,NA,"19 December 2014 (India)
",An alien on Earth loses the only device he can use to communicate with his spaceship. His innocent nature and child-like questions force the country to evaluate the impact of religion on its people.,Rajkumar Hirani,Rajkumar Hirani,Abhijat Joshi,Aamir Khan,Anushka Sharma,Sanjay Dutt
249,Lagaan: Once Upon a Time in India,-2001,8,"93,429",PG,3h 44min,Adventure,Drama,Musical,NA,"15 June 2001 (India)
",The people of a small village in Victorian India stake their future on a game of cricket against their ruthless British rulers.,Ashutosh Gowariker,Ashutosh Gowariker,Ashutosh Gowariker,Aamir Khan,Raghuvir Yadav,Gracy Singh
